source,target,weight,volume
frod,sams,533,books123
frod,ganda,181,books123
merr,pipp,162,books123
arag,frod,146,books123
frod,goll,127,books123
bilb,frod,126,books123
ganda,pipp,124,books123
arag,ganda,123,books123
goll,sams,118,books123
frod,pipp,115,books123
frod,ring,110,books123
gimli,lego,109,books123
frod,shir,104,books123
pipp,sams,101,books123
frod,merr,86,books123
arag,lego,84,books123
arag,sams,75,books123
arag,gimli,73,books123
ganda,saru,72,books123
boro,frod,68,books123
ganda,ring,67,books123
arag,merr,65,books123
arag,pipp,64,books123
arag,boro,63,books123
isen,saru,63,books123
merr,sams,63,books123
arag,elro,59,books123
ring,saur,59,books123
ganda,theod,57,books123
fara,frod,55,books123
mord,saur,55,books123
bilb,ganda,54,books123
ganda,gimli,54,books123
arag,gond,52,books123
gond,roha,52,books123
ganda,sams,51,books123
arag,eome,50,books123
sams,shir,50,books123
arag,roha,49,books123
bilb,shir,49,books123
ganda,shir,49,books123
frod,mord,48,books123
ring,sams,46,books123
elve,frod,45,books123
frod,rive,45,books123
ganda,gond,45,books123
ganda,isen,45,books123
ganda,lego,45,books123
elro,ganda,44,books123
elve,sams,43,books123
ents,treeb,42,books123
ganda,sfax,42,books123
arag,orcs,41,books123
bage,frod,41,books123
ganda,merr,41,books123
pipp,shir,41,books123
andu,gond,40,books123
arag,comp,40,books123
dene,ganda,40,books123
hobb,shir,40,books123
elro,frod,39,books123
ganda,saur,39,books123
gond,saur,38,books123
bree,shir,37,books123
fara,gond,37,books123
ganda,mord,37,books123
ganda,roha,37,books123
arag,tiri,36,books123
bilb,sams,36,books123
eome,theod,36,books123
fara,ganda,36,books123
ganda,mori,36,books123
dene,pipp,35,books123
orth,saru,35,books123
arag,mord,34,books123
comp,frod,34,books123
frod,gimli,34,books123
frod,orcs,34,books123
ganda,treeb,34,books123
merr,shir,34,books123
mord,sams,34,books123
boro,ganda,33,books123
ganda,orth,33,books123
arag,saur,32,books123
arag,theod,32,books123
roha,saru,32,books123
arag,fara,31,books123
arag,ring,30,books123
bilb,ring,30,books123
boro,comp,30,books123
boro,pipp,30,books123
boro,ring,30,books123
gond,pipp,30,books123
pipp,orcs,30,books123
roha,theod,30,books123
arag,arat,29,books123
dene,fara,29,books123
ring,shir,29,books123
arag,elen,28,books123
arag,rive,28,books123
boro,gond,28,books123
frod,lego,28,books123
merr,treeb,28,books123
saru,saur,28,books123
arag,bree,27,books123
arag,shir,27,books123
bere,pipp,27,books123
boro,dene,27,books123
boro,fara,27,books123
boro,tiri,27,books123
dene,gond,27,books123
elro,ring,27,books123
elro,rive,27,books123
eome,roha,27,books123
fara,sams,27,books123
lego,merr,27,books123
arag,arwe,26,books123
bilb,goll,26,books123
boro,sams,26,books123
comp,ganda,26,books123
dwar,elve,26,books123
fara,pipp,26,books123
frod,saur,26,books123
gimli,merr,26,books123
isen,roha,26,books123
mord,ring,26,books123
bree,frod,25,books123
elen,gond,25,books123
elen,isil,25,books123
frod,gond,25,books123
frod,nazg,25,books123
frod,tiri,25,books123
pipp,treeb,25,books123
saru,theod,25,books123
arag,saru,24,books123
elve,shir,24,books123
eome,eowy,24,books123
eome,ganda,24,books123
frod,tomb,24,books123
ganda,rive,24,books123
gimli,gloi,24,books123
gond,isil,24,books123
pipp,roha,24,books123
arwe,elro,23,books123
elve,lego,23,books123
gond,mord,23,books123
sams,orcs,23,books123
bage,bilb,22,books123
elve,ganda,22,books123
eowy,merr,22,books123
goll,mord,22,books123
gond,tiri,22,books123
isen,orth,22,books123
lego,pipp,22,books123
merr,orcs,22,books123
mord,orcs,22,books123
mord,saru,22,books123
ring,saru,22,books123
saru,treeb,22,books123
bage,sams,21,books123
bill,sams,21,books123
cele,gala,21,books123
comp,lego,21,books123
frod,lori,21,books123
gimli,treeb,21,books123
goll,ring,21,books123
gond,theod,21,books123
isen,orcs,21,books123
elve,gimli,20,books123
ganda,goll,20,books123
gimli,pipp,20,books123
gond,osgi,20,books123
saur,orcs,20,books123
arag,isil,19,books123
bilb,elro,19,books123
boro,merr,19,books123
boro,orcs,19,books123
elro,elve,19,books123
elve,saur,19,books123
fara,goll,19,books123
frod,hton,19,books123
gimli,sams,19,books123
gond,shir,19,books123
lego,sams,19,books123
merr,roha,19,books123
merr,theod,19,books123
arag,elve,18,books123
arag,lori,18,books123
arag,treeb,18,books123
bere,fara,18,books123
dwar,gimli,18,books123
dwar,mori,18,books123
eowy,fara,18,books123
fara,roha,18,books123
frod,gala,18,books123
goll,orcs,18,books123
grim,saru,18,books123
hton,shir,18,books123
lego,orcs,18,books123
lego,treeb,18,books123
arag,goll,17,books123
comp,gimli,17,books123
dene,tiri,17,books123
ents,isen,17,books123
eome,gond,17,books123
frod,morg,17,books123
ganda,orcs,17,books123
ganda,tiri,17,books123
gond,ring,17,books123
isen,merr,17,books123
isen,pipp,17,books123
isen,treeb,17,books123
merr,saru,17,books123
mord,roha,17,books123
mord,tiri,17,books123
rive,shir,17,books123
roha,saur,17,books123
sams,saur,17,books123
saru,orcs,17,books123
arag,bilb,16,books123
arag,eowy,16,books123
bage,shir,16,books123
boro,lego,16,books123
dwar,orcs,16,books123
edor,ganda,16,books123
elve,hobb,16,books123
frod,mori,16,books123
gala,lori,16,books123
ganda,grim,16,books123
gber,tomb,16,books123
gond,saru,16,books123
hton,sams,16,books123
isil,saur,16,books123
lori,sams,16,books123
pipp,tiri,16,books123
arag,mori,15,books123
bere,ganda,15,books123
comp,pipp,15,books123
comp,ring,15,books123
comp,sams,15,books123
elro,saur,15,books123
elve,gond,15,books123
elve,lori,15,books123
ents,pipp,15,books123
eome,merr,15,books123
eowy,roha,15,books123
frod,saru,15,books123
gond,merr,15,books123
gond,sams,15,books123
isil,ring,15,books123
pipp,saru,15,books123
rive,sams,15,books123
roha,shir,15,books123
roha,treeb,15,books123
sams,shel,15,books123
treeb,orcs,15,books123
andu,saur,14,books123
bilb,rive,14,books123
boro,gimli,14,books123
duri,gimli,14,books123
edor,theod,14,books123
elen,saur,14,books123
elro,gala,14,books123
elro,sams,14,books123
eowy,theod,14,books123
gala,sams,14,books123
gimli,roha,14,books123
goll,saur,14,books123
gond,morg,14,books123
isen,mord,14,books123
isen,saur,14,books123
pipp,sfax,14,books123
ring,rive,14,books123
roha,orcs,14,books123
arag,isen,13,books123
bilb,hobb,13,books123
bilb,hton,13,books123
bilb,merr,13,books123
boro,isil,13,books123
comp,mori,13,books123
dtow,saur,13,books123
edor,roha,13,books123
elen,nume,13,books123
elro,shir,13,books123
eome,gimli,13,books123
eome,lego,13,books123
eome,orcs,13,books123
eome,saru,13,books123
eorl,theod,13,books123
frod,gild,13,books123
frod,glorf,13,books123
ganda,nazg,13,books123
isen,theod,13,books123
mord,morg,13,books123
mori,saur,13,books123
nume,saur,13,books123
pipp,ring,13,books123
ring,tiri,13,books123
saur,tiri,13,books123
arag,gala,12,books123
arag,orth,12,books123
bere,dene,12,books123
bilb,elve,12,books123
bilb,pipp,12,books123
bree,ganda,12,books123
bree,hobb,12,books123
bree,merr,12,books123
dtow,mord,12,books123
duri,dwar,12,books123
duri,mori,12,books123
dwar,ganda,12,books123
elve,rive,12,books123
ents,merr,12,books123
ents,saru,12,books123
eorl,gond,12,books123
eowy,gond,12,books123
fara,tiri,12,books123
gimli,mori,12,books123
gimli,orcs,12,books123
gimli,saru,12,books123
gond,isen,12,books123
gond,nume,12,books123
merr,ring,12,books123
roha,tiri,12,books123
saur,shir,12,books123
andu,mord,11,books123
andu,roha,11,books123
arag,dene,11,books123
bage,ganda,11,books123
bage,hton,11,books123
bali,mori,11,books123
boro,mord,11,books123
bree,sams,11,books123
ents,ganda,11,books123
frod,roha,11,books123
gala,ganda,11,books123
helm,theod,11,books123
lego,roha,11,books123
mord,pipp,11,books123
rive,saur,11,books123
roha,sfax,11,books123
thor,thra,11,books123
andu,frod,10,books123
arag,edor,10,books123
arag,glorf,10,books123
arwe,lori,10,books123
bere,gond,10,books123
boro,mori,10,books123
boro,roha,10,books123
elro,glorf,10,books123
elro,gond,10,books123
elro,lori,10,books123
elve,gala,10,books123
fara,morg,10,books123
frod,hobb,10,books123
frod,loth,10,books123
ganda,thor,10,books123
isen,ring,10,books123
merr,rive,10,books123
mord,shir,10,books123
morg,sams,10,books123
mori,orcs,10,books123
mori,ring,10,books123
sams,tomb,10,books123
saru,shir,10,books123
andu,arag,9,books123
arag,sfax,9,books123
bage,pipp,9,books123
bill,frod,9,books123
comp,elve,9,books123
comp,tiri,9,books123
dtow,frod,9,books123
duri,ganda,9,books123
dwar,saur,9,books123
edor,eome,9,books123
elen,elro,9,books123
elve,loth,9,books123
elve,mord,9,books123
elve,treeb,9,books123
eorl,roha,9,books123
frod,gloi,9,books123
frod,hald,9,books123
gimli,saur,9,books123
gloi,lego,9,books123
gond,orcs,9,books123
gorb,sams,9,books123
grim,theod,9,books123
isil,mord,9,books123
isil,nume,9,books123
lego,loth,9,books123
lori,rive,9,books123
merr,tiri,9,books123
mord,osgi,9,books123
morg,osgi,9,books123
morg,saur,9,books123
nazg,sams,9,books123
orth,roha,9,books123
orth,treeb,9,books123
ring,orcs,9,books123
ring,tomb,9,books123
sams,tiri,9,books123
andu,elve,8,books123
andu,ganda,8,books123
andu,orcs,8,books123
andu,osgi,8,books123
arag,dwar,8,books123
arat,elen,8,books123
boro,elro,8,books123
boro,rive,8,books123
comp,orcs,8,books123
dene,theod,8,books123
dwar,thra,8,books123
elen,ring,8,books123
elro,mord,8,books123
elro,pipp,8,books123
elve,nume,8,books123
elve,orcs,8,books123
elve,roha,8,books123
fara,isil,8,books123
fara,ring,8,books123
frod,mdoo,8,books123
frod,shel,8,books123
frod,theod,8,books123
ganda,hobb,8,books123
ganda,hton,8,books123
ganda,isil,8,books123
hald,lego,8,books123
lori,orcs,8,books123
mdoo,sams,8,books123
nazg,pipp,8,books123
nazg,shir,8,books123
sfax,theod,8,books123
arag,ents,7,books123
arag,gloi,7,books123
arag,hobb,7,books123
arat,isil,7,books123
boro,saru,7,books123
boro,saur,7,books123
bree,rive,7,books123
cele,elve,7,books123
cele,lori,7,books123
comp,hald,7,books123
comp,merr,7,books123
dene,frod,7,books123
dene,isil,7,books123
dene,mord,7,books123
dene,saur,7,books123
duri,thor,7,books123
dwar,gloi,7,books123
dwar,hobb,7,books123
dwar,shir,7,books123
edor,helm,7,books123
edor,isen,7,books123
elro,gimli,7,books123
elro,isil,7,books123
elro,lego,7,books123
elro,merr,7,books123
elve,mori,7,books123
ents,orth,7,books123
eome,grim,7,books123
frod,isen,7,books123
frod,isil,7,books123
gala,gimli,7,books123
gala,lego,7,books123
gala,ring,7,books123
gala,rive,7,books123
ganda,morg,7,books123
gimli,mord,7,books123
goll,morg,7,books123
goll,shir,7,books123
grim,roha,7,books123
helm,isen,7,books123
hobb,roha,7,books123
isen,lego,7,books123
isil,tiri,7,books123
lego,ring,7,books123
lego,saur,7,books123
mori,sams,7,books123
orth,saur,7,books123
andu,eorl,6,books123
andu,isil,6,books123
andu,ring,6,books123
andu,shir,6,books123
arag,cele,6,books123
arag,eorl,6,books123
arag,loth,6,books123
arag,morg,6,books123
arat,elro,6,books123
arwe,frod,6,books123
arwe,rive,6,books123
bage,merr,6,books123
bali,ganda,6,books123
boro,elen,6,books123
boro,treeb,6,books123
bree,pipp,6,books123
cele,comp,6,books123
cele,elro,6,books123
comp,gond,6,books123
comp,rive,6,books123
dtow,ring,6,books123
dwar,frod,6,books123
dwar,ring,6,books123
dwar,thor,6,books123
elen,frod,6,books123
elen,ganda,6,books123
elro,eome,6,books123
elro,gloi,6,books123
elro,roha,6,books123
elve,ents,6,books123
elve,gloi,6,books123
elve,hald,6,books123
ents,orcs,6,books123
ents,roha,6,books123
eome,eorl,6,books123
eome,helm,6,books123
eome,isen,6,books123
eome,mord,6,books123
eome,pipp,6,books123
eome,tiri,6,books123
eorl,saru,6,books123
eowy,ganda,6,books123
fara,orcs,6,books123
fara,osgi,6,books123
fara,theod,6,books123
gala,loth,6,books123
gala,saur,6,books123
ganda,gloi,6,books123
gimli,isen,6,books123
gimli,tiri,6,books123
goll,shel,6,books123
gond,lego,6,books123
gond,orth,6,books123
gond,rive,6,books123
helm,lego,6,books123
helm,saru,6,books123
lego,lori,6,books123
lego,sfax,6,books123
lori,saur,6,books123
merr,tomb,6,books123
mord,rive,6,books123
mord,theod,6,books123
orth,pipp,6,books123
pipp,saur,6,books123
ring,roha,6,books123
saru,tiri,6,books123
shir,thor,6,books123
shir,tiri,6,books123
andu,hobb,5,books123
andu,lego,5,books123
andu,lori,5,books123
andu,sams,5,books123
arag,bere,5,books123
arag,bill,5,books123
arag,nume,5,books123
arwe,gond,5,books123
bilb,thor,5,books123
bill,bree,5,books123
boro,lori,5,books123
bree,dwar,5,books123
bree,ring,5,books123
bree,roha,5,books123
comp,elro,5,books123
comp,fara,5,books123
comp,gala,5,books123
dene,osgi,5,books123
dene,roha,5,books123
dtow,ganda,5,books123
dtow,sams,5,books123
duri,saur,5,books123
duri,thra,5,books123
dwar,lego,5,books123
edor,gond,5,books123
edor,saru,5,books123
elen,elve,5,books123
elen,mord,5,books123
elen,orth,5,books123
elen,rive,5,books123
elve,fara,5,books123
elve,gild,5,books123
elve,goll,5,books123
elve,pipp,5,books123
elve,ring,5,books123
ents,lego,5,books123
ents,theod,5,books123
eome,fara,5,books123
eorl,ganda,5,books123
fara,lori,5,books123
fara,merr,5,books123
fara,mord,5,books123
fara,nume,5,books123
frod,gber,5,books123
frod,osgi,5,books123
frod,sfax,5,books123
gala,shir,5,books123
ganda,gild,5,books123
ganda,glorf,5,books123
ganda,helm,5,books123
gild,pipp,5,books123
gild,sams,5,books123
gild,shir,5,books123
gimli,gond,5,books123
gimli,theod,5,books123
gloi,ring,5,books123
gloi,saur,5,books123
glorf,ring,5,books123
glorf,rive,5,books123
goll,hobb,5,books123
goll,isil,5,books123
goll,lori,5,books123
grim,isen,5,books123
helm,roha,5,books123
hton,merr,5,books123
isen,shir,5,books123
isen,tiri,5,books123
lego,theod,5,books123
lori,mori,5,books123
merr,orth,5,books123
morg,tiri,5,books123
mori,shir,5,books123
mori,thra,5,books123
orth,theod,5,books123
osgi,saur,5,books123
pipp,rive,5,books123
ring,thor,5,books123
ring,thra,5,books123
shir,tomb,5,books123
theod,treeb,5,books123
andu,isen,4,books123
andu,pipp,4,books123
andu,saru,4,books123
andu,tiri,4,books123
arag,bali,4,books123
arag,helm,4,books123
arag,nazg,4,books123
arag,shel,4,books123
arat,ganda,4,books123
arat,gond,4,books123
arat,theod,4,books123
arwe,gala,4,books123
arwe,ring,4,books123
arwe,saur,4,books123
bage,ring,4,books123
bali,frod,4,books123
bali,gimli,4,books123
bali,gloi,4,books123
bere,boro,4,books123
bere,roha,4,books123
bilb,dwar,4,books123
bilb,gild,4,books123
bilb,gloi,4,books123
bilb,saru,4,books123
bilb,saur,4,books123
boro,isen,4,books123
boro,nume,4,books123
boro,osgi,4,books123
bree,tomb,4,books123
cele,gond,4,books123
cele,treeb,4,books123
comp,dene,4,books123
comp,goll,4,books123
comp,lori,4,books123
comp,loth,4,books123
comp,mord,4,books123
dene,ring,4,books123
dene,saru,4,books123
dene,shir,4,books123
dtow,gond,4,books123
dtow,orcs,4,books123
dtow,saru,4,books123
dwar,lori,4,books123
edor,merr,4,books123
edor,sfax,4,books123
elen,eome,4,books123
elro,fara,4,books123
elro,goll,4,books123
elro,mori,4,books123
elro,nume,4,books123
elro,saru,4,books123
elve,glorf,4,books123
elve,isil,4,books123
elve,tiri,4,books123
ents,saur,4,books123
eorl,helm,4,books123
eorl,orcs,4,books123
eowy,saru,4,books123
frod,gorb,4,books123
gala,treeb,4,books123
ganda,loth,4,books123
gimli,hald,4,books123
gimli,ring,4,books123
gimli,rive,4,books123
gimli,sfax,4,books123
gloi,mori,4,books123
goll,gond,4,books123
goll,osgi,4,books123
goll,saru,4,books123
gond,helm,4,books123
gond,hobb,4,books123
gond,mori,4,books123
grim,orth,4,books123
grim,sfax,4,books123
hald,lori,4,books123
helm,orcs,4,books123
hobb,rive,4,books123
hobb,sams,4,books123
hton,pipp,4,books123
hton,ring,4,books123
lego,mord,4,books123
lego,tiri,4,books123
lori,mord,4,books123
loth,rive,4,books123
loth,sams,4,books123
mdoo,mord,4,books123
mdoo,saur,4,books123
mord,orth,4,books123
morg,roha,4,books123
mori,thor,4,books123
nazg,ring,4,books123
orth,orcs,4,books123
osgi,tiri,4,books123
ring,shel,4,books123
ring,treeb,4,books123
rive,tiri,4,books123
saur,shel,4,books123
saur,theod,4,books123
shir,orcs,4,books123
thor,orcs,4,books123
thra,orcs,4,books123
tiri,orcs,4,books123
andu,bere,3,books123
andu,boro,3,books123
andu,bree,3,books123
andu,cele,3,books123
andu,dene,3,books123
andu,elen,3,books123
andu,gimli,3,books123
andu,merr,3,books123
andu,nume,3,books123
arag,hald,3,books123
arat,lego,3,books123
arat,roha,3,books123
arwe,cele,3,books123
arwe,sams,3,books123
arwe,theod,3,books123
arwe,tiri,3,books123
bali,ring,3,books123
bali,thor,3,books123
bali,thra,3,books123
bere,comp,3,books123
bere,mord,3,books123
bilb,bree,3,books123
bilb,gala,3,books123
bilb,orcs,3,books123
bill,comp,3,books123
bill,ganda,3,books123
bill,merr,3,books123
boro,loth,3,books123
boro,shir,3,books123
bree,elro,3,books123
bree,gond,3,books123
bree,isen,3,books123
bree,saru,3,books123
cele,ganda,3,books123
cele,rive,3,books123
cele,tiri,3,books123
comp,dtow,3,books123
comp,isil,3,books123
comp,roha,3,books123
comp,saru,3,books123
comp,saur,3,books123
dene,lori,3,books123
dene,morg,3,books123
dene,sams,3,books123
dene,sfax,3,books123
dtow,isen,3,books123
duri,gloi,3,books123
duri,ring,3,books123
dwar,roha,3,books123
edor,eorl,3,books123
edor,gimli,3,books123
edor,lego,3,books123
edor,shir,3,books123
edor,tiri,3,books123
elen,fara,3,books123
elen,osgi,3,books123
elro,eowy,3,books123
elro,loth,3,books123
elro,morg,3,books123
elro,orcs,3,books123
elro,theod,3,books123
elro,tiri,3,books123
elve,nazg,3,books123
elve,tomb,3,books123
ents,frod,3,books123
ents,gimli,3,books123
eome,gloi,3,books123
eome,morg,3,books123
eome,ring,3,books123
eome,saur,3,books123
eome,shir,3,books123
eorl,orth,3,books123
eorl,saur,3,books123
eorl,sfax,3,books123
eowy,saur,3,books123
fara,rive,3,books123
fara,saur,3,books123
frod,grim,3,books123
frod,nume,3,books123
frod,orth,3,books123
gala,tomb,3,books123
ganda,lori,3,books123
ganda,nume,3,books123
ganda,thra,3,books123
ganda,tomb,3,books123
gimli,helm,3,books123
gimli,loth,3,books123
glorf,sams,3,books123
goll,lego,3,books123
goll,nazg,3,books123
goll,pipp,3,books123
goll,roha,3,books123
gond,sfax,3,books123
grim,orcs,3,books123
hald,loth,3,books123
hobb,merr,3,books123
isen,sfax,3,books123
isil,osgi,3,books123
isil,rive,3,books123
isil,sams,3,books123
isil,saru,3,books123
isil,shir,3,books123
lego,mori,3,books123
lego,saru,3,books123
lori,loth,3,books123
lori,ring,3,books123
loth,mori,3,books123
loth,saur,3,books123
mdoo,ring,3,books123
merr,mord,3,books123
merr,nazg,3,books123
merr,saur,3,books123
mord,mori,3,books123
mord,nume,3,books123
mord,shel,3,books123
morg,nazg,3,books123
morg,ring,3,books123
morg,shel,3,books123
mori,rive,3,books123
nazg,saru,3,books123
nume,orth,3,books123
nume,ring,3,books123
nume,roha,3,books123
orth,ring,3,books123
osgi,roha,3,books123
ring,theod,3,books123
rive,roha,3,books123
roha,sams,3,books123
roha,shel,3,books123
sams,saru,3,books123
saru,sfax,3,books123
saur,thor,3,books123
saur,thra,3,books123
saur,treeb,3,books123
sfax,shir,3,books123
shel,orcs,3,books123
shir,theod,3,books123
theod,orcs,3,books123
theod,tiri,3,books123
tiri,treeb,3,books123
andu,dwar,2,books123
andu,elro,2,books123
andu,fara,2,books123
andu,goll,2,books123
andu,orth,2,books123
arag,osgi,2,books123
arat,arwe,2,books123
arat,frod,2,books123
arat,gimli,2,books123
arat,mord,2,books123
arat,ring,2,books123
arwe,bilb,2,books123
arwe,edor,2,books123
arwe,elen,2,books123
arwe,elve,2,books123
arwe,eome,2,books123
arwe,fara,2,books123
arwe,ganda,2,books123
arwe,goll,2,books123
arwe,loth,2,books123
arwe,mord,2,books123
bage,rive,2,books123
bali,bilb,2,books123
bali,boro,2,books123
bali,comp,2,books123
bali,duri,2,books123
bali,lego,2,books123
bali,rive,2,books123
bali,shir,2,books123
bere,eorl,2,books123
bere,orcs,2,books123
bere,osgi,2,books123
bere,shir,2,books123
bere,tiri,2,books123
bilb,boro,2,books123
bilb,gond,2,books123
bilb,isil,2,books123
bilb,lego,2,books123
bilb,nazg,2,books123
bilb,tiri,2,books123
bill,shir,2,books123
boro,cele,2,books123
boro,elve,2,books123
boro,gala,2,books123
boro,goll,2,books123
boro,orth,2,books123
boro,theod,2,books123
bree,duri,2,books123
bree,elve,2,books123
bree,orcs,2,books123
bree,saur,2,books123
bree,thor,2,books123
cele,dwar,2,books123
cele,gimli,2,books123
cele,hald,2,books123
cele,loth,2,books123
cele,saur,2,books123
cele,shir,2,books123
comp,orth,2,books123
comp,theod,2,books123
dene,elen,2,books123
dene,elro,2,books123
dene,elve,2,books123
dene,eorl,2,books123
dene,goll,2,books123
dene,isen,2,books123
dene,merr,2,books123
dene,shel,2,books123
dtow,elro,2,books123
dtow,fara,2,books123
dtow,morg,2,books123
dtow,orth,2,books123
dtow,pipp,2,books123
dtow,rive,2,books123
duri,gond,2,books123
duri,lego,2,books123
duri,orcs,2,books123
duri,shir,2,books123
dwar,eorl,2,books123
dwar,gond,2,books123
dwar,hald,2,books123
dwar,rive,2,books123
edor,elro,2,books123
edor,eowy,2,books123
edor,fara,2,books123
edor,frod,2,books123
edor,grim,2,books123
elen,eorl,2,books123
elen,gala,2,books123
elen,gimli,2,books123
elen,pipp,2,books123
elen,saru,2,books123
elen,theod,2,books123
elen,tiri,2,books123
elro,osgi,2,books123
elve,isen,2,books123
elve,merr,2,books123
elve,morg,2,books123
ents,hobb,2,books123
ents,sams,2,books123
eome,frod,2,books123
eome,sfax,2,books123
eome,treeb,2,books123
eorl,eowy,2,books123
eorl,grim,2,books123
eorl,isen,2,books123
eorl,mord,2,books123
eowy,grim,2,books123
eowy,helm,2,books123
eowy,lego,2,books123
fara,gala,2,books123
fara,mori,2,books123
fara,shel,2,books123
fara,shir,2,books123
frod,thor,2,books123
gala,gloi,2,books123
gala,hald,2,books123
gala,merr,2,books123
gala,morg,2,books123
gala,pipp,2,books123
gala,saru,2,books123
gala,tiri,2,books123
ganda,mdoo,2,books123
ganda,osgi,2,books123
gimli,isil,2,books123
gimli,orth,2,books123
gimli,thra,2,books123
gloi,glorf,2,books123
gloi,rive,2,books123
gloi,roha,2,books123
gloi,saru,2,books123
gloi,thor,2,books123
glorf,merr,2,books123
glorf,pipp,2,books123
glorf,saur,2,books123
goll,mori,2,books123
goll,theod,2,books123
goll,tiri,2,books123
gond,lori,2,books123
gond,shel,2,books123
gond,thor,2,books123
gorb,morg,2,books123
gorb,orcs,2,books123
grim,merr,2,books123
grim,pipp,2,books123
grim,treeb,2,books123
hald,mori,2,books123
hald,rive,2,books123
hald,sams,2,books123
helm,sfax,2,books123
helm,treeb,2,books123
hobb,hton,2,books123
hobb,mori,2,books123
hobb,orcs,2,books123
hobb,pipp,2,books123
hobb,ring,2,books123
hton,nazg,2,books123
hton,rive,2,books123
hton,roha,2,books123
hton,sfax,2,books123
isen,mdoo,2,books123
isen,nazg,2,books123
isen,nume,2,books123
isen,osgi,2,books123
isen,sams,2,books123
lego,rive,2,books123
lori,osgi,2,books123
lori,pipp,2,books123
lori,roha,2,books123
lori,shel,2,books123
lori,shir,2,books123
lori,theod,2,books123
loth,shir,2,books123
loth,tiri,2,books123
mdoo,tiri,2,books123
mord,tomb,2,books123
mord,treeb,2,books123
morg,nume,2,books123
morg,orcs,2,books123
mori,tiri,2,books123
nazg,orth,2,books123
nazg,rive,2,books123
nazg,roha,2,books123
nazg,saur,2,books123
nazg,sfax,2,books123
nazg,tomb,2,books123
orth,osgi,2,books123
orth,sfax,2,books123
orth,shir,2,books123
orth,tiri,2,books123
pipp,theod,2,books123
pipp,tomb,2,books123
rive,orcs,2,books123
rive,sfax,2,books123
rive,tomb,2,books123
sams,theod,2,books123
shel,theod,2,books123
andu,arwe,1,books123
andu,bilb,1,books123
andu,comp,1,books123
andu,dtow,1,books123
andu,ents,1,books123
andu,gala,1,books123
andu,hald,1,books123
andu,helm,1,books123
andu,loth,1,books123
andu,mdoo,1,books123
andu,morg,1,books123
andu,rive,1,books123
andu,theod,1,books123
andu,thor,1,books123
andu,thra,1,books123
andu,treeb,1,books123
arag,bage,1,books123
arag,duri,1,books123
arag,grim,1,books123
arag,thor,1,books123
arag,tomb,1,books123
arat,bree,1,books123
arat,comp,1,books123
arat,dwar,1,books123
arat,edor,1,books123
arat,elve,1,books123
arat,eome,1,books123
arat,fara,1,books123
arat,gloi,1,books123
arat,hald,1,books123
arat,helm,1,books123
arat,lori,1,books123
arat,loth,1,books123
arat,mori,1,books123
arat,nume,1,books123
arat,orcs,1,books123
arat,rive,1,books123
arat,sfax,1,books123
arwe,dene,1,books123
arwe,glorf,1,books123
arwe,roha,1,books123
arwe,shel,1,books123
bage,bree,1,books123
bage,dwar,1,books123
bage,elro,1,books123
bage,elve,1,books123
bage,mori,1,books123
bage,nazg,1,books123
bage,roha,1,books123
bage,saru,1,books123
bage,sfax,1,books123
bali,dwar,1,books123
bali,loth,1,books123
bali,merr,1,books123
bali,pipp,1,books123
bali,sams,1,books123
bere,dwar,1,books123
bere,eome,1,books123
bere,frod,1,books123
bere,helm,1,books123
bere,isen,1,books123
bere,morg,1,books123
bere,nazg,1,books123
bere,orth,1,books123
bere,saru,1,books123
bere,saur,1,books123
bere,sfax,1,books123
bilb,comp,1,books123
bilb,elen,1,books123
bilb,fara,1,books123
bilb,gimli,1,books123
bilb,lori,1,books123
bilb,mord,1,books123
bilb,mori,1,books123
bilb,nume,1,books123
bilb,tomb,1,books123
bill,boro,1,books123
bill,gimli,1,books123
bill,mori,1,books123
bill,pipp,1,books123
bill,rive,1,books123
bill,tiri,1,books123
bill,tomb,1,books123
boro,dtow,1,books123
boro,eome,1,books123
boro,eorl,1,books123
boro,gloi,1,books123
boro,helm,1,books123
boro,hobb,1,books123
boro,morg,1,books123
bree,hton,1,books123
bree,isil,1,books123
cele,dtow,1,books123
cele,elen,1,books123
cele,frod,1,books123
cele,glorf,1,books123
cele,lego,1,books123
cele,merr,1,books123
cele,mori,1,books123
cele,osgi,1,books123
cele,pipp,1,books123
cele,sams,1,books123
cele,theod,1,books123
comp,edor,1,books123
comp,elen,1,books123
comp,eome,1,books123
comp,grim,1,books123
comp,isen,1,books123
comp,mdoo,1,books123
comp,nazg,1,books123
comp,shir,1,books123
comp,treeb,1,books123
dene,dtow,1,books123
dene,edor,1,books123
dene,eome,1,books123
dene,mori,1,books123
dene,nume,1,books123
dene,orcs,1,books123
dene,treeb,1,books123
dtow,elen,1,books123
dtow,elve,1,books123
dtow,gala,1,books123
dtow,glorf,1,books123
dtow,goll,1,books123
dtow,gorb,1,books123
dtow,isil,1,books123
dtow,lego,1,books123
dtow,lori,1,books123
dtow,mdoo,1,books123
dtow,mori,1,books123
dtow,nazg,1,books123
dtow,nume,1,books123
dtow,tiri,1,books123
duri,elro,1,books123
duri,gala,1,books123
duri,helm,1,books123
duri,lori,1,books123
duri,merr,1,books123
duri,mord,1,books123
duri,pipp,1,books123
duri,rive,1,books123
duri,roha,1,books123
duri,tiri,1,books123
dwar,eowy,1,books123
dwar,fara,1,books123
dwar,goll,1,books123
dwar,grim,1,books123
dwar,helm,1,books123
dwar,isen,1,books123
dwar,isil,1,books123
dwar,loth,1,books123
dwar,sfax,1,books123
dwar,tiri,1,books123
dwar,tomb,1,books123
edor,ents,1,books123
edor,hobb,1,books123
edor,lori,1,books123
edor,mord,1,books123
edor,orcs,1,books123
edor,pipp,1,books123
edor,rive,1,books123
edor,saur,1,books123
elen,eowy,1,books123
elen,grim,1,books123
elen,hobb,1,books123
elen,isen,1,books123
elen,lego,1,books123
elen,merr,1,books123
elen,mori,1,books123
elen,orcs,1,books123
elen,roha,1,books123
elen,sfax,1,books123
elen,shir,1,books123
elro,ents,1,books123
elro,gild,1,books123
elro,helm,1,books123
elro,hton,1,books123
elro,isen,1,books123
elro,mdoo,1,books123
elro,nazg,1,books123
elro,orth,1,books123
elro,tomb,1,books123
elro,treeb,1,books123
elve,gorb,1,books123
elve,hton,1,books123
elve,osgi,1,books123
elve,saru,1,books123
elve,shel,1,books123
elve,theod,1,books123
elve,thor,1,books123
elve,thra,1,books123
ents,eorl,1,books123
ents,fara,1,books123
ents,gala,1,books123
ents,gloi,1,books123
ents,goll,1,books123
ents,gond,1,books123
ents,grim,1,books123
ents,helm,1,books123
ents,lori,1,books123
ents,loth,1,books123
ents,mord,1,books123
ents,mori,1,books123
ents,nazg,1,books123
ents,rive,1,books123
ents,shel,1,books123
ents,shir,1,books123
ents,tiri,1,books123
ents,tomb,1,books123
eome,hobb,1,books123
eome,lori,1,books123
eome,orth,1,books123
eome,osgi,1,books123
eome,rive,1,books123
eome,sams,1,books123
eorl,gimli,1,books123
eorl,lego,1,books123
eorl,tiri,1,books123
eorl,treeb,1,books123
eowy,gimli,1,books123
eowy,mord,1,books123
eowy,nume,1,books123
eowy,orcs,1,books123
eowy,ring,1,books123
eowy,rive,1,books123
eowy,shir,1,books123
fara,hobb,1,books123
fara,nazg,1,books123
fara,sfax,1,books123
fara,treeb,1,books123
frod,helm,1,books123
frod,treeb,1,books123
gala,gild,1,books123
gala,glorf,1,books123
gala,gond,1,books123
gala,helm,1,books123
gala,mord,1,books123
gala,mori,1,books123
gala,nazg,1,books123
gala,orcs,1,books123
gala,roha,1,books123
gala,theod,1,books123
gber,ring,1,books123
gild,merr,1,books123
gild,nazg,1,books123
gild,osgi,1,books123
gild,rive,1,books123
gild,tomb,1,books123
gimli,glorf,1,books123
gimli,grim,1,books123
gimli,hobb,1,books123
gimli,lori,1,books123
gimli,mdoo,1,books123
gimli,thor,1,books123
gloi,goll,1,books123
gloi,isen,1,books123
gloi,isil,1,books123
gloi,loth,1,books123
gloi,shir,1,books123
gloi,thra,1,books123
gloi,treeb,1,books123
glorf,gond,1,books123
glorf,lego,1,books123
glorf,lori,1,books123
glorf,loth,1,books123
glorf,nazg,1,books123
glorf,saru,1,books123
glorf,shir,1,books123
glorf,theod,1,books123
glorf,tiri,1,books123
glorf,tomb,1,books123
goll,merr,1,books123
goll,nume,1,books123
goll,thor,1,books123
goll,treeb,1,books123
gond,grim,1,books123
gond,loth,1,books123
gond,mdoo,1,books123
gond,treeb,1,books123
gorb,mord,1,books123
gorb,ring,1,books123
gorb,shel,1,books123
grim,helm,1,books123
grim,hobb,1,books123
grim,sams,1,books123
grim,shir,1,books123
hald,hobb,1,books123
hald,merr,1,books123
hald,pipp,1,books123
hald,saur,1,books123
helm,merr,1,books123
helm,nazg,1,books123
helm,orth,1,books123
helm,pipp,1,books123
helm,shir,1,books123
hobb,orth,1,books123
hobb,saur,1,books123
hobb,sfax,1,books123
hobb,theod,1,books123
hobb,thra,1,books123
hobb,tiri,1,books123
hobb,treeb,1,books123
hton,tomb,1,books123
hton,treeb,1,books123
isen,lori,1,books123
isen,morg,1,books123
isen,mori,1,books123
isen,rive,1,books123
isen,tomb,1,books123
isil,lego,1,books123
isil,morg,1,books123
isil,mori,1,books123
isil,orcs,1,books123
isil,orth,1,books123
isil,pipp,1,books123
isil,theod,1,books123
isil,thra,1,books123
lego,thor,1,books123
lori,mdoo,1,books123
lori,merr,1,books123
lori,saru,1,books123
lori,tiri,1,books123
lori,tomb,1,books123
lori,treeb,1,books123
loth,mdoo,1,books123
loth,nazg,1,books123
loth,ring,1,books123
loth,tomb,1,books123
loth,treeb,1,books123
mdoo,morg,1,books123
mdoo,osgi,1,books123
mdoo,rive,1,books123
mdoo,roha,1,books123
mdoo,saru,1,books123
merr,mori,1,books123
merr,nume,1,books123
merr,osgi,1,books123
merr,sfax,1,books123
merr,shel,1,books123
mord,nazg,1,books123
mord,sfax,1,books123
morg,saru,1,books123
morg,theod,1,books123
mori,nazg,1,books123
mori,pipp,1,books123
mori,saru,1,books123
mori,sfax,1,books123
mori,tomb,1,books123
mori,treeb,1,books123
nazg,nume,1,books123
nazg,orcs,1,books123
nazg,osgi,1,books123
nume,osgi,1,books123
nume,rive,1,books123
nume,sams,1,books123
nume,saru,1,books123
nume,tiri,1,books123
orth,rive,1,books123
orth,sams,1,books123
osgi,orcs,1,books123
osgi,sams,1,books123
osgi,saru,1,books123
osgi,shel,1,books123
pipp,shel,1,books123
ring,sfax,1,books123
rive,saru,1,books123
rive,thor,1,books123
rive,treeb,1,books123
sams,sfax,1,books123
sams,treeb,1,books123
saru,thor,1,books123
saur,tomb,1,books123
sfax,orcs,1,books123
sfax,tiri,1,books123
shel,shir,1,books123
shel,tiri,1,books123
shir,thra,1,books123
shir,treeb,1,books123